EXPNUM,NOBJECTS,PFW_ATTEMPT_ID,EXPTIME,NITE
605989,3857.00000000,2508727,30.00000000,20170102
605990,27406.00000000,2507723,600.00000000,20170102
605991,26926.00000000,2506719,600.00000000,20170102
605992,26981.00000000,2506720,600.00000000,20170102
605993,26818.00000000,2508728,600.00000000,20170102
605994,26327.00000000,2508729,600.00000000,20170102
605995,25506.00000000,2507724,600.00000000,20170102
605996,25750.00000000,2508730,600.00000000,20170102
606004,5527.00000000,2507725,30.00000000,20170102
606009,2964.00000000,2506721,30.00000000,20170102
606145,3276.00000000,2507726,30.00000000,20170102
606150,3302.00000000,2507727,30.00000000,20170102
606361,3606.00000000,2506722,30.00000000,20170103
606362,26607.00000000,2506723,600.00000000,20170103
606363,26839.00000000,2508731,600.00000000,20170103
606364,26085.00000000,2506724,600.00000000,20170103
606365,26314.00000000,2506725,600.00000000,20170103
606366,26482.00000000,2508732,600.00000000,20170103
606367,25565.00000000,2506726,600.00000000,20170103
606368,25299.00000000,2507728,600.00000000,20170103
606427,3623.00000000,2508733,30.00000000,20170103
606432,3934.00000000,2508734,30.00000000,20170103
606663,3793.00000000,2508735,30.00000000,20170104
606664,27687.00000000,2507729,600.00000000,20170104
606665,27516.00000000,2507730,600.00000000,20170104
606666,26273.00000000,2508736,600.00000000,20170104
606667,26860.00000000,2506727,600.00000000,20170104
606668,25958.00000000,2506728,600.00000000,20170104
606669,26121.00000000,2508737,600.00000000,20170104
606670,25232.00000000,2507731,600.00000000,20170104
606671,24308.00000000,2508738,600.00000000,20170104
606672,24703.00000000,2507732,600.00000000,20170104
606673,25099.00000000,2506729,600.00000000,20170104
606674,8185.00000000,2508739,30.00000000,20170104
606675,28062.00000000,2506730,240.00000000,20170104
606676,26421.00000000,2507733,240.00000000,20170104
606677,28370.00000000,2507734,240.00000000,20170104
606678,32247.00000000,2507735,240.00000000,20170104
606679,36710.00000000,2506731,240.00000000,20170104
606680,33386.00000000,2508740,240.00000000,20170104
606681,28482.00000000,2508741,240.00000000,20170104
606682,26457.00000000,2507736,240.00000000,20170104
606683,27383.00000000,2508742,240.00000000,20170104
606684,32436.00000000,2506732,240.00000000,20170104
606685,33195.00000000,2506733,240.00000000,20170104
606686,30945.00000000,2507737,240.00000000,20170104
606687,8674.00000000,2507738,30.00000000,20170104
606688,29443.00000000,2508743,240.00000000,20170104
606689,28478.00000000,2508744,240.00000000,20170104
606690,29788.00000000,2507739,240.00000000,20170104
606691,35449.00000000,2506734,240.00000000,20170104
606692,39731.00000000,2508745,240.00000000,20170104
606693,34422.00000000,2508746,240.00000000,20170104
606694,30964.00000000,2507740,240.00000000,20170104
606695,27287.00000000,2508747,240.00000000,20170104
606696,29969.00000000,2508748,240.00000000,20170104
606697,32881.00000000,2507741,240.00000000,20170104
606698,36846.00000000,2506735,240.00000000,20170104
606699,33613.00000000,2507742,240.00000000,20170104
606700,28873.00000000,2507743,240.00000000,20170104
606701,25694.00000000,2508749,240.00000000,20170104
606702,3296.00000000,2508750,30.00000000,20170104
606708,3229.00000000,2506736,30.00000000,20170104
606714,3538.00000000,2506737,30.00000000,20170104
606937,3804.00000000,2506738,30.00000000,20170105
606938,27458.00000000,2508751,600.00000000,20170105
606939,26332.00000000,2507744,600.00000000,20170105
606940,24379.00000000,2508752,600.00000000,20170105
606941,24479.00000000,2508753,600.00000000,20170105
606942,23629.00000000,2508754,600.00000000,20170105
607020,3270.00000000,2507745,30.00000000,20170105
607025,3480.00000000,2508755,30.00000000,20170105
607030,4420.00000000,2507746,30.00000000,20170105
607287,3864.00000000,2508756,30.00000000,20170106
607288,29361.00000000,2506739,600.00000000,20170106
607289,28586.00000000,2506740,600.00000000,20170106
607290,27251.00000000,2508757,600.00000000,20170106
607291,27542.00000000,2507747,600.00000000,20170106
607292,26527.00000000,2506741,600.00000000,20170106
607293,26085.00000000,2506742,600.00000000,20170106
607316,11252.00000000,2507748,30.00000000,20170106
607317,34636.00000000,2506743,240.00000000,20170106
607318,40602.00000000,2508758,240.00000000,20170106
607319,44575.00000000,2508759,240.00000000,20170106
607320,40373.00000000,2508760,240.00000000,20170106
607347,3617.00000000,2508761,30.00000000,20170106
607348,5036.00000000,2506744,60.00000000,20170106
607349,5194.00000000,2506745,60.00000000,20170106
607350,4955.00000000,2507749,60.00000000,20170106
607351,4981.00000000,2508762,60.00000000,20170106
607352,4884.00000000,2508763,60.00000000,20170106
607353,4893.00000000,2506746,60.00000000,20170106
607354,4852.00000000,2506747,60.00000000,20170106
607355,5095.00000000,2508764,60.00000000,20170106
607356,5277.00000000,2507750,60.00000000,20170106
607357,5059.00000000,2508765,60.00000000,20170106
607369,3620.00000000,2508766,30.00000000,20170106
607374,3382.00000000,2506748,30.00000000,20170106
607379,4963.00000000,2507751,30.00000000,20170106
607602,3354.00000000,2506749,30.00000000,20170107
607603,29252.00000000,2506750,600.00000000,20170107
607604,32680.00000000,2507752,600.00000000,20170107
607605,29531.00000000,2508767,600.00000000,20170107
607606,30852.00000000,2506751,600.00000000,20170107
607607,29936.00000000,2507753,600.00000000,20170107
607608,29867.00000000,2506752,600.00000000,20170107
607609,28229.00000000,2506753,600.00000000,20170107
607610,25548.00000000,2508768,600.00000000,20170107
607658,3441.00000000,2508769,30.00000000,20170107
607659,4662.00000000,2508770,60.00000000,20170107
607660,4863.00000000,2506754,60.00000000,20170107
607661,4913.00000000,2507754,60.00000000,20170107
607662,4780.00000000,2506755,60.00000000,20170107
607663,5034.00000000,2506756,60.00000000,20170107
607664,4911.00000000,2506757,60.00000000,20170107
607665,4991.00000000,2508771,60.00000000,20170107
607666,4699.00000000,2506758,60.00000000,20170107
607667,5042.00000000,2507755,60.00000000,20170107
607668,5024.00000000,2506759,60.00000000,20170107
607669,4907.00000000,2506760,60.00000000,20170107
607670,4978.00000000,2508772,60.00000000,20170107
607671,5025.00000000,2507756,60.00000000,20170107
607672,4887.00000000,2507757,60.00000000,20170107
607673,4854.00000000,2508773,60.00000000,20170107
607690,3342.00000000,2506761,30.00000000,20170107
607695,3580.00000000,2507758,30.00000000,20170107
607700,4238.00000000,2506762,30.00000000,20170107
608765,12945.00000000,2508774,120.00000000,20170111
608769,12890.00000000,2507759,120.00000000,20170111
608796,12933.00000000,2506763,120.00000000,20170111
608800,13196.00000000,2506764,120.00000000,20170111
608827,12798.00000000,2506765,120.00000000,20170111
608831,12232.00000000,2506766,120.00000000,20170111
608858,13471.00000000,2506767,120.00000000,20170111
608862,14153.00000000,2507760,120.00000000,20170111
608889,14107.00000000,2506768,120.00000000,20170111
608893,14005.00000000,2508775,120.00000000,20170111
608920,15604.00000000,2507761,120.00000000,20170111
608924,15587.00000000,2508776,120.00000000,20170111
608951,14773.00000000,2506769,120.00000000,20170111
608955,15495.00000000,2508777,120.00000000,20170111
608957,9095.00000000,2507762,30.00000000,20170111
608958,8406.00000000,2508778,30.00000000,20170111
608959,9065.00000000,2508779,30.00000000,20170111
608960,8616.00000000,2506770,30.00000000,20170111
608961,8572.00000000,2507763,30.00000000,20170111
608962,8269.00000000,2506771,30.00000000,20170111
608963,8832.00000000,2506772,30.00000000,20170111
608964,9168.00000000,2506773,30.00000000,20170111
608965,9367.00000000,2507764,30.00000000,20170111
608966,8817.00000000,2506774,30.00000000,20170111
608967,9181.00000000,2506775,30.00000000,20170111
608968,9099.00000000,2508780,30.00000000,20170111
608969,8913.00000000,2506776,30.00000000,20170111
608970,8118.00000000,2506777,30.00000000,20170111
608971,9167.00000000,2506778,30.00000000,20170111
608972,9263.00000000,2506779,30.00000000,20170111
608973,9405.00000000,2507765,30.00000000,20170111
608974,8734.00000000,2507766,30.00000000,20170111
608975,9415.00000000,2507767,30.00000000,20170111
608976,8194.00000000,2508781,30.00000000,20170111
608977,8332.00000000,2508782,30.00000000,20170111
608978,8707.00000000,2507768,30.00000000,20170111
608982,15556.00000000,2507769,120.00000000,20170111
608986,15609.00000000,2508783,120.00000000,20170111
609013,15420.00000000,2506780,120.00000000,20170111
609017,14480.00000000,2506781,120.00000000,20170111
609022,4744.00000000,2506782,60.00000000,20170111
609027,4381.00000000,2508784,60.00000000,20170111
609032,4778.00000000,2506783,60.00000000,20170111
609036,13040.00000000,2507770,120.00000000,20170111
609040,13881.00000000,2508785,120.00000000,20170111
609045,4606.00000000,2506784,60.00000000,20170111
609050,5043.00000000,2507771,60.00000000,20170111
609052,8568.00000000,2508786,30.00000000,20170111
609053,8540.00000000,2508787,30.00000000,20170111
609054,8267.00000000,2506785,30.00000000,20170111
609055,7612.00000000,2507772,30.00000000,20170111
609056,7531.00000000,2507773,30.00000000,20170111
609057,7883.00000000,2507774,30.00000000,20170111
609058,7467.00000000,2506786,30.00000000,20170111
609059,8139.00000000,2507775,30.00000000,20170111
609060,8085.00000000,2506787,30.00000000,20170111
609061,7037.00000000,2506788,30.00000000,20170111
609062,7660.00000000,2507776,30.00000000,20170111
609063,6753.00000000,2506789,30.00000000,20170111
609064,7353.00000000,2507777,30.00000000,20170111
609065,6826.00000000,2508788,30.00000000,20170111
609066,6349.00000000,2507778,30.00000000,20170111
609067,6963.00000000,2506790,30.00000000,20170111
609068,6914.00000000,2506791,30.00000000,20170111
609069,7489.00000000,2508789,30.00000000,20170111
609070,7207.00000000,2506792,30.00000000,20170111
609071,7217.00000000,2506793,30.00000000,20170111
609072,6943.00000000,2507779,30.00000000,20170111
609073,7181.00000000,2507780,30.00000000,20170111
609077,12834.00000000,2508790,120.00000000,20170111
609081,12217.00000000,2506794,120.00000000,20170111
609086,6302.00000000,2507781,60.00000000,20170111
609091,4793.00000000,2508791,60.00000000,20170111
609096,5065.00000000,2508792,60.00000000,20170111
613878,22812.00000000,2508793,40.00000000,20170127
613880,21607.00000000,2506795,40.00000000,20170127
613882,22730.00000000,2506796,40.00000000,20170127
614206,94361.00000000,2506797,400.00000000,20170128
614208,107766.00000000,2507782,400.00000000,20170128
614210,95507.00000000,2506798,400.00000000,20170128
614212,89052.00000000,2508794,400.00000000,20170128
614214,86376.00000000,2507783,400.00000000,20170128
614230,78468.00000000,2508795,400.00000000,20170128
614235,21742.00000000,2507784,40.00000000,20170128
614239,19595.00000000,2508796,40.00000000,20170128
614520,90158.00000000,2506799,500.00000000,20170129
614521,89596.00000000,2508797,500.00000000,20170129
614522,90347.00000000,2507785,500.00000000,20170129
614523,90028.00000000,2506800,500.00000000,20170129
614532,119190.00000000,2506801,400.00000000,20170129
614533,122621.00000000,2506802,400.00000000,20170129
614534,125938.00000000,2506803,400.00000000,20170129
614535,260612.00000000,2506804,400.00000000,20170129
614536,250400.00000000,2508798,400.00000000,20170129
614537,252100.00000000,2508799,400.00000000,20170129
614538,155887.00000000,2507786,400.00000000,20170129
614539,148892.00000000,2508800,400.00000000,20170129
614540,151885.00000000,2508801,400.00000000,20170129
614541,118381.00000000,2508802,400.00000000,20170129
614542,117720.00000000,2506805,400.00000000,20170129
614543,116705.00000000,2507787,400.00000000,20170129
614544,236705.00000000,2508803,400.00000000,20170129
614546,220610.00000000,2507788,400.00000000,20170129
614547,230007.00000000,2508804,400.00000000,20170129
614548,90828.00000000,2508805,400.00000000,20170129
614552,93989.00000000,2507789,400.00000000,20170129
614556,94070.00000000,2508806,400.00000000,20170129
614560,87732.00000000,2507790,400.00000000,20170129
614564,81093.00000000,2508807,400.00000000,20170129
619886,19022.00000000,2508808,120.00000000,20170212
619890,19043.00000000,2508809,120.00000000,20170212
619894,18608.00000000,2508810,120.00000000,20170212
619898,18465.00000000,2507791,120.00000000,20170212
619911,14901.00000000,2507792,120.00000000,20170212
619915,16172.00000000,2508811,120.00000000,20170212
619919,16017.00000000,2507793,120.00000000,20170212
619923,16790.00000000,2508812,120.00000000,20170212
619933,16380.00000000,2508813,120.00000000,20170212
619937,16369.00000000,2507794,120.00000000,20170212
619941,16898.00000000,2507795,120.00000000,20170212
619945,16573.00000000,2507796,120.00000000,20170212
619952,16154.00000000,2506806,120.00000000,20170212
619956,16004.00000000,2507797,120.00000000,20170212
619960,15304.00000000,2507798,120.00000000,20170212
619964,15458.00000000,2506807,120.00000000,20170212
619971,16723.00000000,2507799,120.00000000,20170212
619975,17234.00000000,2508814,120.00000000,20170212
619979,16734.00000000,2506808,120.00000000,20170212
619983,17106.00000000,2508815,120.00000000,20170212
619989,16562.00000000,2506809,120.00000000,20170212
619993,16895.00000000,2508816,120.00000000,20170212
619997,16536.00000000,2506810,120.00000000,20170212
620001,16872.00000000,2506811,120.00000000,20170212
620005,16671.00000000,2507800,120.00000000,20170212
620009,16393.00000000,2507801,120.00000000,20170212
620013,16770.00000000,2507802,120.00000000,20170212
620017,16597.00000000,2507803,120.00000000,20170212
620023,16744.00000000,2506812,120.00000000,20170212
620027,16626.00000000,2508817,120.00000000,20170212
620031,15845.00000000,2508818,120.00000000,20170212
620035,15224.00000000,2508819,120.00000000,20170212
620039,15623.00000000,2507804,120.00000000,20170212
620043,14922.00000000,2507805,120.00000000,20170212
620047,14754.00000000,2507806,120.00000000,20170212
620051,13819.00000000,2507807,120.00000000,20170212
620057,15127.00000000,2508820,120.00000000,20170212
620061,14679.00000000,2506813,120.00000000,20170212
620065,14799.00000000,2506814,120.00000000,20170212
620069,14726.00000000,2508821,120.00000000,20170212
620073,15141.00000000,2508822,120.00000000,20170212
620077,15372.00000000,2507808,120.00000000,20170212
620620,9857.00000000,2507809,30.00000000,20170214
620621,9868.00000000,2507810,30.00000000,20170214
620622,9368.00000000,2507811,30.00000000,20170214
620623,9900.00000000,2508823,30.00000000,20170214
620624,10605.00000000,2508824,30.00000000,20170214
620625,10451.00000000,2506815,30.00000000,20170214
620626,10803.00000000,2506816,30.00000000,20170214
620627,10278.00000000,2508825,30.00000000,20170214
620628,10594.00000000,2508826,30.00000000,20170214
620629,10805.00000000,2508827,30.00000000,20170214
620630,10607.00000000,2507812,30.00000000,20170214
620631,11006.00000000,2506817,30.00000000,20170214
620632,11236.00000000,2506818,30.00000000,20170214
620633,10336.00000000,2508828,30.00000000,20170214
620634,11176.00000000,2506819,30.00000000,20170214
620635,11379.00000000,2508829,30.00000000,20170214
620636,11886.00000000,2507813,30.00000000,20170214
620637,10733.00000000,2506820,30.00000000,20170214
620638,11760.00000000,2507814,30.00000000,20170214
620639,11227.00000000,2508830,30.00000000,20170214
620640,11605.00000000,2506821,30.00000000,20170214
620641,11347.00000000,2506822,30.00000000,20170214
620642,11507.00000000,2508831,30.00000000,20170214
620643,11433.00000000,2508832,30.00000000,20170214
620644,11965.00000000,2506823,30.00000000,20170214
620645,11910.00000000,2506824,30.00000000,20170214
620646,11815.00000000,2507815,30.00000000,20170214
620647,12214.00000000,2508833,30.00000000,20170214
620648,11261.00000000,2506825,30.00000000,20170214
620649,11505.00000000,2507816,30.00000000,20170214
620650,12035.00000000,2507817,30.00000000,20170214
622356,20951.00000000,2508834,300.00000000,20170218
622357,17068.00000000,2507818,300.00000000,20170218
622358,16392.00000000,2506826,300.00000000,20170218
627569,14093.00000000,2506827,60.00000000,20170308
627574,6628.00000000,2506828,60.00000000,20170308
627579,11240.00000000,2507819,60.00000000,20170308
627584,14634.00000000,2506829,60.00000000,20170308
627589,7520.00000000,2507820,60.00000000,20170308
627594,9193.00000000,2508835,60.00000000,20170308
627599,11690.00000000,2506830,60.00000000,20170308
627604,7024.00000000,2506831,60.00000000,20170308
627619,7795.00000000,2507821,60.00000000,20170308
627624,10861.00000000,2507822,60.00000000,20170308
627629,7502.00000000,2507823,60.00000000,20170308
627634,8060.00000000,2507824,60.00000000,20170308
627639,5804.00000000,2506832,60.00000000,20170308
627644,5536.00000000,2507825,60.00000000,20170308
627649,10536.00000000,2507826,60.00000000,20170308
627654,9012.00000000,2507827,60.00000000,20170308
627674,5535.00000000,2506833,60.00000000,20170308
627679,13350.00000000,2507828,60.00000000,20170308
627684,9324.00000000,2507829,60.00000000,20170308
627689,12059.00000000,2507830,60.00000000,20170308
627699,10874.00000000,2508836,60.00000000,20170308
627714,8426.00000000,2507831,60.00000000,20170308
627719,13550.00000000,2507832,60.00000000,20170308
627724,6800.00000000,2507833,60.00000000,20170308
627729,6941.00000000,2507834,60.00000000,20170308
632235,7902.00000000,2506834,60.00000000,20170319
632245,8956.00000000,2507835,60.00000000,20170319
632255,5544.00000000,2507836,60.00000000,20170319
632265,4675.00000000,2507837,60.00000000,20170319
632276,11276.00000000,2506835,180.00000000,20170319
632279,11225.00000000,2507838,180.00000000,20170319
632282,11619.00000000,2508837,180.00000000,20170319
632285,11480.00000000,2506836,180.00000000,20170319
632288,12258.00000000,2507839,180.00000000,20170319
632291,11944.00000000,2506837,180.00000000,20170319
632294,12381.00000000,2507840,180.00000000,20170319
632297,12768.00000000,2506838,180.00000000,20170319
632300,12914.00000000,2507841,180.00000000,20170319
632303,12630.00000000,2507842,180.00000000,20170319
632306,12466.00000000,2507843,180.00000000,20170319
632309,13339.00000000,2507844,180.00000000,20170319
632312,12891.00000000,2508838,180.00000000,20170319
632315,13477.00000000,2506839,180.00000000,20170319
632318,13949.00000000,2508839,180.00000000,20170319
632321,14117.00000000,2508840,180.00000000,20170319
632324,13727.00000000,2507845,180.00000000,20170319
632327,13702.00000000,2507846,180.00000000,20170319
632337,5319.00000000,2507847,60.00000000,20170319
632343,7639.00000000,2506840,60.00000000,20170319
632506,7860.00000000,2506841,60.00000000,20170320
632513,6867.00000000,2506842,60.00000000,20170320
632519,4806.00000000,2507848,60.00000000,20170320
632525,4550.00000000,2508841,60.00000000,20170320
632536,10298.00000000,2508842,180.00000000,20170320
632539,10566.00000000,2508843,180.00000000,20170320
632542,11889.00000000,2507849,180.00000000,20170320
632545,11906.00000000,2508844,180.00000000,20170320
632548,12036.00000000,2508845,180.00000000,20170320
632551,12118.00000000,2506843,180.00000000,20170320
632554,11801.00000000,2506844,180.00000000,20170320
632557,11854.00000000,2508846,180.00000000,20170320
632560,12504.00000000,2506845,180.00000000,20170320
632563,12420.00000000,2506846,180.00000000,20170320
632566,12730.00000000,2507850,180.00000000,20170320
632569,12696.00000000,2508847,180.00000000,20170320
632572,13039.00000000,2507851,180.00000000,20170320
632575,13571.00000000,2506847,180.00000000,20170320
632578,13310.00000000,2506848,180.00000000,20170320
632581,13665.00000000,2507852,180.00000000,20170320
632584,13544.00000000,2506849,180.00000000,20170320
632587,13635.00000000,2506850,180.00000000,20170320
632589,14694.00000000,2507853,180.00000000,20170320
632592,14464.00000000,2507854,180.00000000,20170320
632595,14363.00000000,2506851,180.00000000,20170320
632603,5881.00000000,2508848,60.00000000,20170320
632691,5480.00000000,2507855,60.00000000,20170320
632697,22833.00000000,2506852,60.00000000,20170320
632827,8210.00000000,2506853,60.00000000,20170321
632833,5023.00000000,2506854,60.00000000,20170321
632839,4505.00000000,2508849,60.00000000,20170321
632860,11897.00000000,2508850,180.00000000,20170321
632863,11381.00000000,2508851,180.00000000,20170321
632866,12236.00000000,2508852,180.00000000,20170321
632869,11992.00000000,2508853,180.00000000,20170321
632872,12121.00000000,2508854,180.00000000,20170321
632875,12442.00000000,2508855,180.00000000,20170321
632878,13051.00000000,2506855,180.00000000,20170321
632881,13169.00000000,2507856,180.00000000,20170321
632884,13480.00000000,2506856,180.00000000,20170321
632887,13505.00000000,2507857,180.00000000,20170321
632890,13592.00000000,2507858,180.00000000,20170321
632893,14049.00000000,2508856,180.00000000,20170321
632896,14591.00000000,2507859,180.00000000,20170321
632899,14002.00000000,2506857,180.00000000,20170321
632902,12813.00000000,2506858,180.00000000,20170321
632905,13623.00000000,2508857,180.00000000,20170321
632908,13410.00000000,2508858,180.00000000,20170321
632911,13587.00000000,2506859,180.00000000,20170321
632914,13470.00000000,2506860,180.00000000,20170321
632917,13279.00000000,2508859,180.00000000,20170321
632920,12986.00000000,2508860,180.00000000,20170321
632923,13146.00000000,2506861,180.00000000,20170321
632926,13324.00000000,2508861,180.00000000,20170321
632929,13240.00000000,2506862,180.00000000,20170321
632932,12982.00000000,2507860,180.00000000,20170321
632935,13914.00000000,2506863,180.00000000,20170321
633006,5710.00000000,2508862,60.00000000,20170321
633012,22414.00000000,2506864,60.00000000,20170321
636259,18552.00000000,2507861,300.00000000,20170401
636260,17770.00000000,2507862,300.00000000,20170401
636261,18699.00000000,2508863,300.00000000,20170401
636262,19377.00000000,2508864,300.00000000,20170401
636263,17008.00000000,2506865,300.00000000,20170401
636264,17242.00000000,2507863,300.00000000,20170401
636265,16784.00000000,2507864,300.00000000,20170401
636266,16916.00000000,2506866,300.00000000,20170401
636267,17748.00000000,2507865,300.00000000,20170401
636268,20992.00000000,2508865,300.00000000,20170401
636269,17398.00000000,2506867,300.00000000,20170401
636270,17760.00000000,2506868,300.00000000,20170401
636271,16982.00000000,2508866,300.00000000,20170401
636272,17297.00000000,2508867,300.00000000,20170401
636273,17225.00000000,2508868,300.00000000,20170401
636274,17121.00000000,2507866,300.00000000,20170401
636275,19952.00000000,2508869,300.00000000,20170401
636276,19959.00000000,2508870,300.00000000,20170401
636277,19830.00000000,2508871,300.00000000,20170401
636278,19714.00000000,2507867,300.00000000,20170401
636279,17255.00000000,2506869,300.00000000,20170401
636280,17408.00000000,2506870,300.00000000,20170401
636281,17280.00000000,2507868,300.00000000,20170401
636282,16973.00000000,2507869,300.00000000,20170401
636283,22239.00000000,2506871,300.00000000,20170401
636284,21879.00000000,2507870,300.00000000,20170401
636285,22081.00000000,2508872,300.00000000,20170401
636286,22088.00000000,2507871,300.00000000,20170401
636287,16684.00000000,2507872,300.00000000,20170401
636288,16604.00000000,2508873,300.00000000,20170401
636289,16029.00000000,2508874,300.00000000,20170401
636290,15544.00000000,2506872,300.00000000,20170401
636291,18481.00000000,2507873,300.00000000,20170401
636292,18631.00000000,2506873,300.00000000,20170401
636293,18747.00000000,2507874,300.00000000,20170401
636294,18622.00000000,2508875,300.00000000,20170401
636295,18477.00000000,2506874,300.00000000,20170401
636296,18466.00000000,2507875,300.00000000,20170401
636297,18507.00000000,2506875,300.00000000,20170401
636298,18318.00000000,2506876,300.00000000,20170401
636299,18896.00000000,2506877,300.00000000,20170401
636300,17969.00000000,2508876,300.00000000,20170401
636301,18339.00000000,2508877,300.00000000,20170401
636302,18541.00000000,2508878,300.00000000,20170401
636303,19501.00000000,2508879,300.00000000,20170401
636304,19620.00000000,2506878,300.00000000,20170401
636305,19563.00000000,2506879,300.00000000,20170401
636306,19060.00000000,2506880,300.00000000,20170401
636307,20563.00000000,2508880,300.00000000,20170401
636308,20863.00000000,2506881,300.00000000,20170401
636309,20858.00000000,2508881,300.00000000,20170401
636310,20963.00000000,2508882,300.00000000,20170401
636311,20058.00000000,2506882,300.00000000,20170401
636312,19357.00000000,2507876,300.00000000,20170401
636313,19957.00000000,2508883,300.00000000,20170401
636314,19603.00000000,2507877,300.00000000,20170401
637003,15968.00000000,2507878,300.00000000,20170403
637004,16032.00000000,2506883,300.00000000,20170403
637005,16074.00000000,2507879,300.00000000,20170403
637006,15855.00000000,2507880,300.00000000,20170403
637007,16938.00000000,2506884,300.00000000,20170403
637008,17106.00000000,2506885,300.00000000,20170403
637009,17532.00000000,2508884,300.00000000,20170403
637010,16839.00000000,2508885,300.00000000,20170403
637011,17697.00000000,2506886,300.00000000,20170403
637012,17171.00000000,2507881,300.00000000,20170403
637013,16196.00000000,2506887,300.00000000,20170403
637014,17409.00000000,2508886,300.00000000,20170403
637015,17478.00000000,2507882,300.00000000,20170403
637016,18209.00000000,2507883,300.00000000,20170403
637017,17739.00000000,2508887,300.00000000,20170403
637018,17511.00000000,2506888,300.00000000,20170403
637019,17378.00000000,2507884,300.00000000,20170403
637020,18458.00000000,2506889,300.00000000,20170403
637021,18167.00000000,2508888,300.00000000,20170403
637022,18135.00000000,2506890,300.00000000,20170403
637023,18785.00000000,2506891,300.00000000,20170403
637024,18185.00000000,2506892,300.00000000,20170403
637025,18403.00000000,2506893,300.00000000,20170403
637026,18304.00000000,2506894,300.00000000,20170403
637027,18088.00000000,2507885,300.00000000,20170403
637028,18710.00000000,2507886,300.00000000,20170403
637029,18155.00000000,2506895,300.00000000,20170403
637030,18097.00000000,2507887,300.00000000,20170403
637031,20624.00000000,2506896,300.00000000,20170403
637032,20555.00000000,2506897,300.00000000,20170403
637033,20129.00000000,2508889,300.00000000,20170403
637034,20068.00000000,2506898,300.00000000,20170403
637035,19345.00000000,2508890,300.00000000,20170403
637036,19514.00000000,2508891,300.00000000,20170403
637037,18751.00000000,2506899,300.00000000,20170403
637038,19495.00000000,2506900,300.00000000,20170403
637039,17208.00000000,2507888,300.00000000,20170403
637040,17441.00000000,2508892,300.00000000,20170403
637041,17469.00000000,2507889,300.00000000,20170403
637042,17174.00000000,2507890,300.00000000,20170403
637043,17068.00000000,2507891,300.00000000,20170403
637044,18041.00000000,2507892,300.00000000,20170403
637045,18350.00000000,2508893,300.00000000,20170403
637046,18494.00000000,2507893,300.00000000,20170403
637047,18454.00000000,2508894,300.00000000,20170403
637048,18399.00000000,2508895,300.00000000,20170403
637049,18159.00000000,2508896,300.00000000,20170403
637050,18451.00000000,2508897,300.00000000,20170403
645172,64468.00000000,2508898,400.00000000,20170429
645173,64547.00000000,2508899,400.00000000,20170429
645174,66203.00000000,2508900,400.00000000,20170429
645175,67788.00000000,2508901,400.00000000,20170429
645176,60142.00000000,2506901,400.00000000,20170429
645177,59972.00000000,2506902,400.00000000,20170429
645178,58833.00000000,2507894,400.00000000,20170429
645179,60810.00000000,2506903,400.00000000,20170429
645196,64814.00000000,2506904,400.00000000,20170429
645197,63588.00000000,2508902,400.00000000,20170429
645198,64750.00000000,2508903,400.00000000,20170429
645199,66020.00000000,2507895,400.00000000,20170429
645200,78543.00000000,2508904,400.00000000,20170429
645201,79707.00000000,2506905,400.00000000,20170429
645202,77710.00000000,2507896,400.00000000,20170429
645203,78120.00000000,2508905,400.00000000,20170429
645212,70806.00000000,2508906,400.00000000,20170429
645213,69854.00000000,2508907,400.00000000,20170429
645633,117900.00000000,2506906,400.00000000,20170430
645634,119093.00000000,2508908,400.00000000,20170430
645635,119755.00000000,2506907,400.00000000,20170430
645636,239939.00000000,2508909,400.00000000,20170430
645637,248290.00000000,2507897,400.00000000,20170430
645638,245961.00000000,2507898,400.00000000,20170430
645639,149316.00000000,2506908,400.00000000,20170430
645640,147738.00000000,2506909,400.00000000,20170430
645641,149028.00000000,2507899,400.00000000,20170430
645642,106759.00000000,2506910,400.00000000,20170430
645643,103432.00000000,2508910,400.00000000,20170430
645644,100361.00000000,2506911,400.00000000,20170430
645645,185516.00000000,2508911,400.00000000,20170430
645646,197496.00000000,2507900,400.00000000,20170430
645647,207168.00000000,2508912,400.00000000,20170430
656754,13151.00000000,2508913,200.00000000,20170628
656755,13432.00000000,2508914,200.00000000,20170628
656756,13679.00000000,2508915,200.00000000,20170628
656757,13242.00000000,2507901,200.00000000,20170628
656758,13341.00000000,2506912,200.00000000,20170628
656759,13208.00000000,2508916,200.00000000,20170628
656760,12996.00000000,2507902,200.00000000,20170628
656761,13165.00000000,2507903,200.00000000,20170628
656762,13464.00000000,2507904,200.00000000,20170628
656763,13033.00000000,2508917,200.00000000,20170628
656764,13356.00000000,2507905,200.00000000,20170628
656765,13409.00000000,2507906,200.00000000,20170628
656766,13407.00000000,2507907,200.00000000,20170628
656767,13345.00000000,2506913,200.00000000,20170628
656768,13321.00000000,2506914,200.00000000,20170628
656769,13453.00000000,2507908,200.00000000,20170628
656770,13071.00000000,2506915,200.00000000,20170628
656771,12579.00000000,2506916,200.00000000,20170628
656772,12627.00000000,2506917,200.00000000,20170628
656773,13101.00000000,2507909,200.00000000,20170628
656774,12641.00000000,2507910,200.00000000,20170628
656775,12934.00000000,2506918,200.00000000,20170628
656776,13316.00000000,2508918,200.00000000,20170628
656777,12823.00000000,2506919,200.00000000,20170628
656778,13278.00000000,2507911,200.00000000,20170628
656779,13164.00000000,2506920,200.00000000,20170628
656780,12994.00000000,2507912,200.00000000,20170628
656781,12892.00000000,2506921,200.00000000,20170628
656782,12740.00000000,2506922,200.00000000,20170628
657142,13895.00000000,2508919,200.00000000,20170629
657143,14117.00000000,2506923,200.00000000,20170629
657144,14093.00000000,2508920,200.00000000,20170629
657145,14405.00000000,2507913,200.00000000,20170629
657146,14093.00000000,2506924,200.00000000,20170629
657147,13790.00000000,2507914,200.00000000,20170629
657148,14260.00000000,2507915,200.00000000,20170629
657149,14158.00000000,2506925,200.00000000,20170629
657150,13741.00000000,2507916,200.00000000,20170629
657151,13286.00000000,2507917,200.00000000,20170629
657152,13418.00000000,2507918,200.00000000,20170629
657153,13694.00000000,2508921,200.00000000,20170629
657154,13082.00000000,2507919,200.00000000,20170629
657155,13252.00000000,2506926,200.00000000,20170629
657156,13354.00000000,2507920,200.00000000,20170629
657157,13215.00000000,2507921,200.00000000,20170629
657158,13667.00000000,2507922,200.00000000,20170629
657159,13430.00000000,2506927,200.00000000,20170629
657160,13861.00000000,2506928,200.00000000,20170629
657161,13493.00000000,2506929,200.00000000,20170629
657162,16617.00000000,2508922,200.00000000,20170629
657163,13731.00000000,2507923,200.00000000,20170629
657164,13433.00000000,2507924,200.00000000,20170629
657165,14307.00000000,2507925,200.00000000,20170629
657166,13489.00000000,2506930,200.00000000,20170629
657167,13649.00000000,2506931,200.00000000,20170629
657168,13691.00000000,2506932,200.00000000,20170629
657169,13492.00000000,2507926,200.00000000,20170629
657170,14246.00000000,2506933,200.00000000,20170629
657171,14102.00000000,2506934,200.00000000,20170629
657551,13528.00000000,2508923,78.00000000,20170630
657552,44900.00000000,2507927,600.00000000,20170630
657553,44964.00000000,2506935,600.00000000,20170630
657554,43883.00000000,2506936,600.00000000,20170630
657555,44767.00000000,2507928,600.00000000,20170630
657556,45828.00000000,2507929,600.00000000,20170630
657557,45262.00000000,2507930,600.00000000,20170630
657558,17291.00000000,2506937,120.00000000,20170630
657559,16931.00000000,2507931,120.00000000,20170630
657560,18148.00000000,2507932,120.00000000,20170630
657582,7646.00000000,2507933,78.00000000,20170630
657583,33723.00000000,2506938,600.00000000,20170630
657584,32661.00000000,2508924,600.00000000,20170630
657585,32734.00000000,2508925,600.00000000,20170630
657586,33341.00000000,2508926,600.00000000,20170630
657587,34132.00000000,2506939,600.00000000,20170630
657588,33149.00000000,2507934,600.00000000,20170630
657589,10570.00000000,2507935,120.00000000,20170630
657590,10070.00000000,2508927,120.00000000,20170630
657591,10290.00000000,2508928,120.00000000,20170630
665143,4942.00000000,2508929,60.00000000,20170803
665144,5138.00000000,2507936,60.00000000,20170803
665149,5069.00000000,2506940,60.00000000,20170803
665154,5104.00000000,2508930,60.00000000,20170803
665163,4383.00000000,2508931,60.00000000,20170803
665168,4851.00000000,2508932,60.00000000,20170803
665660,5166.00000000,2508933,60.00000000,20170804
665665,5445.00000000,2508934,60.00000000,20170804
665670,5374.00000000,2507937,60.00000000,20170804
665679,4441.00000000,2506941,60.00000000,20170804
665684,4448.00000000,2506942,60.00000000,20170804
666973,11925.00000000,2508935,30.00000000,20170814
666974,11200.00000000,2506943,30.00000000,20170814
666975,10798.00000000,2508936,30.00000000,20170814
666976,9822.00000000,2507938,30.00000000,20170814
666977,9896.00000000,2508937,30.00000000,20170814
666978,9175.00000000,2508938,30.00000000,20170814
666979,8911.00000000,2507939,30.00000000,20170814
666980,9184.00000000,2507940,30.00000000,20170814
666981,9739.00000000,2507941,30.00000000,20170814
666982,10916.00000000,2506944,30.00000000,20170814
666983,10117.00000000,2507942,30.00000000,20170814
666984,10666.00000000,2506945,30.00000000,20170814
666985,10089.00000000,2506946,30.00000000,20170814
666986,11411.00000000,2507943,30.00000000,20170814
666987,10840.00000000,2506947,30.00000000,20170814
666988,10758.00000000,2507944,30.00000000,20170814
666989,10765.00000000,2508939,30.00000000,20170814
666990,11491.00000000,2507945,30.00000000,20170814
666991,11184.00000000,2506948,30.00000000,20170814
666992,12647.00000000,2508940,30.00000000,20170814
666993,11887.00000000,2506949,30.00000000,20170814
666994,11648.00000000,2507946,30.00000000,20170814
668964,8124.00000000,2506950,90.00000000,20170818
668970,8332.00000000,2507947,90.00000000,20170818
669369,12178.00000000,2508941,180.00000000,20170819
669370,12351.00000000,2506951,180.00000000,20170819
669853,10354.00000000,2508942,180.00000000,20170820
669854,10768.00000000,2506952,180.00000000,20170820
669855,10769.00000000,2507948,180.00000000,20170820
669856,10679.00000000,2507949,180.00000000,20170820
671192,8004.00000000,2507950,180.00000000,20170823
671193,8226.00000000,2508943,180.00000000,20170823
671194,8019.00000000,2507951,180.00000000,20170823
671195,8250.00000000,2507952,180.00000000,20170823
671496,11330.00000000,2507953,180.00000000,20170824
671497,11386.00000000,2507954,180.00000000,20170824
671498,11110.00000000,2507955,180.00000000,20170824
671499,10707.00000000,2508944,180.00000000,20170824
671870,10028.00000000,2508945,180.00000000,20170825
671871,9484.00000000,2506953,180.00000000,20170825
671872,9721.00000000,2507956,180.00000000,20170825
671873,9221.00000000,2506954,180.00000000,20170825
675096,10604.00000000,2508946,30.00000000,20170906
675097,10824.00000000,2507957,30.00000000,20170906
675098,11292.00000000,2507958,30.00000000,20170906
675099,11534.00000000,2507959,30.00000000,20170906
675100,11239.00000000,2508947,30.00000000,20170906
675101,12160.00000000,2506955,30.00000000,20170906
675102,12063.00000000,2507960,30.00000000,20170906
675103,11792.00000000,2506956,30.00000000,20170906
675104,11696.00000000,2507961,30.00000000,20170906
675105,11581.00000000,2506957,30.00000000,20170906
675106,11993.00000000,2506958,30.00000000,20170906
675107,11406.00000000,2507962,30.00000000,20170906
675108,11745.00000000,2507963,30.00000000,20170906
675109,11868.00000000,2506959,30.00000000,20170906
675110,11624.00000000,2506960,30.00000000,20170906
675111,10924.00000000,2508948,30.00000000,20170906
675112,10915.00000000,2507964,30.00000000,20170906
675113,11930.00000000,2507965,30.00000000,20170906
675114,10887.00000000,2507966,30.00000000,20170906
675115,12875.00000000,2506961,30.00000000,20170906
675116,11888.00000000,2506962,30.00000000,20170906
675117,11592.00000000,2508949,30.00000000,20170906
680599,4682.00000000,2508950,30.00000000,20170922
680928,4765.00000000,2507967,30.00000000,20170923
683157,2680.00000000,2507968,30.00000000,20170929
683617,4410.00000000,2506963,30.00000000,20171001
685496,4538.00000000,2507969,30.00000000,20171009
687984,4902.00000000,2508951,30.00000000,20171016
689280,18153.00000000,2507970,360.00000000,20171020
689281,17614.00000000,2508952,360.00000000,20171020
689282,17886.00000000,2508953,360.00000000,20171020
689283,17995.00000000,2507971,360.00000000,20171020
689284,18216.00000000,2507972,360.00000000,20171020
689285,18250.00000000,2506964,360.00000000,20171020
689286,17877.00000000,2507973,360.00000000,20171020
689287,17825.00000000,2507974,360.00000000,20171020
689288,17968.00000000,2507975,360.00000000,20171020
689289,17794.00000000,2507976,360.00000000,20171020
689441,4260.00000000,2508954,30.00000000,20171020
691313,4022.00000000,2507977,30.00000000,20171026
691714,4137.00000000,2507978,30.00000000,20171027
692524,4539.00000000,2506965,30.00000000,20171029
692815,4027.00000000,2508955,30.00000000,20171030
693205,5318.00000000,2507979,30.00000000,20171031
693698,3280.00000000,2508956,30.00000000,20171106
694379,4285.00000000,2506966,30.00000000,20171108
696083,3874.00000000,2506967,30.00000000,20171113
696672,4831.00000000,2507980,30.00000000,20171115
698567,3505.00000000,2508957,30.00000000,20171121
698948,4417.00000000,2506968,30.00000000,20171122
700770,3581.00000000,2507981,30.00000000,20171127
701111,9417.00000000,2506969,30.00000000,20171128
701272,4986.00000000,2506970,60.00000000,20171129
701282,4095.00000000,2507982,60.00000000,20171129
701292,4796.00000000,2508958,60.00000000,20171129
701321,6316.00000000,2508959,60.00000000,20171129
701331,4563.00000000,2507983,60.00000000,20171129
701492,10746.00000000,2506971,60.00000000,20171129
701493,10997.00000000,2506972,60.00000000,20171129
701494,10842.00000000,2508960,60.00000000,20171129
701495,10318.00000000,2506973,60.00000000,20171129
701496,9793.00000000,2508961,60.00000000,20171129
701497,10209.00000000,2507984,60.00000000,20171129
701498,10095.00000000,2506974,60.00000000,20171129
701499,10423.00000000,2507985,60.00000000,20171129
701500,11396.00000000,2506975,60.00000000,20171129
701501,12171.00000000,2506976,60.00000000,20171129
701502,12846.00000000,2508962,60.00000000,20171129
701503,11882.00000000,2507986,60.00000000,20171129
701504,12221.00000000,2507987,60.00000000,20171129
701505,12842.00000000,2507988,60.00000000,20171129
701506,11559.00000000,2506977,60.00000000,20171129
701507,12455.00000000,2508963,60.00000000,20171129
701508,12994.00000000,2507989,60.00000000,20171129
701509,13550.00000000,2507990,60.00000000,20171129
701510,13393.00000000,2506978,60.00000000,20171129
701511,14371.00000000,2507991,60.00000000,20171129
701512,13120.00000000,2508964,60.00000000,20171129
701513,14250.00000000,2506979,60.00000000,20171129
701523,4551.00000000,2507992,60.00000000,20171129
701533,5293.00000000,2507993,60.00000000,20171129
701543,8641.00000000,2506980,60.00000000,20171129
701544,8150.00000000,2508965,60.00000000,20171129
701549,10508.00000000,2508966,60.00000000,20171129
701554,6113.00000000,2506981,60.00000000,20171129
701568,4784.00000000,2508967,60.00000000,20171129
701578,5218.00000000,2506982,60.00000000,20171129
701588,7840.00000000,2508968,60.00000000,20171129
701598,4350.00000000,2506983,60.00000000,20171129
701884,2756.00000000,2506984,30.00000000,20171204
702192,8780.00000000,2506985,30.00000000,20171205
702452,2849.00000000,2508969,30.00000000,20171206
703984,10975.00000000,2506986,30.00000000,20171210
705344,10483.00000000,2508970,30.00000000,20171214
705916,3231.00000000,2506987,30.00000000,20171220
707117,3376.00000000,2508971,30.00000000,20171224
708497,3151.00000000,2507994,30.00000000,20171230
708908,10758.00000000,2507995,60.00000000,20180102
708909,11334.00000000,2506988,60.00000000,20180102
708910,11088.00000000,2506989,60.00000000,20180102
708911,11175.00000000,2508972,60.00000000,20180102
708912,11101.00000000,2506990,60.00000000,20180102
708913,11795.00000000,2507996,60.00000000,20180102
708914,12168.00000000,2506991,60.00000000,20180102
708915,11935.00000000,2506992,60.00000000,20180102
708916,12224.00000000,2508973,60.00000000,20180102
708917,12017.00000000,2508974,60.00000000,20180102
708918,12143.00000000,2508975,60.00000000,20180102
708919,11972.00000000,2508976,60.00000000,20180102
708920,11953.00000000,2506993,60.00000000,20180102
708921,11903.00000000,2508977,60.00000000,20180102
708922,11878.00000000,2506994,60.00000000,20180102
708923,12774.00000000,2507997,60.00000000,20180102
708924,11838.00000000,2507998,60.00000000,20180102
708925,13112.00000000,2508978,60.00000000,20180102
708926,13502.00000000,2506995,60.00000000,20180102
708927,12806.00000000,2506996,60.00000000,20180102
708928,11453.00000000,2506997,60.00000000,20180102
708929,12829.00000000,2506998,60.00000000,20180102
708996,13359.00000000,2507999,60.00000000,20180102
708997,13289.00000000,2508000,60.00000000,20180102
708998,13642.00000000,2508979,60.00000000,20180102
708999,13356.00000000,2508980,60.00000000,20180102
709000,13400.00000000,2508001,60.00000000,20180102
709001,13694.00000000,2506999,60.00000000,20180102
709002,13498.00000000,2508981,60.00000000,20180102
709003,13236.00000000,2508002,60.00000000,20180102
709004,12959.00000000,2508003,60.00000000,20180102
709005,13311.00000000,2507000,60.00000000,20180102
709006,13429.00000000,2507001,60.00000000,20180102
709007,12521.00000000,2507002,60.00000000,20180102
709008,13208.00000000,2507003,60.00000000,20180102
709009,13101.00000000,2508982,60.00000000,20180102
709010,11626.00000000,2507004,60.00000000,20180102
709011,13101.00000000,2508983,60.00000000,20180102
709012,12559.00000000,2508984,60.00000000,20180102
709013,12776.00000000,2508985,60.00000000,20180102
709014,12536.00000000,2508986,60.00000000,20180102
709015,12893.00000000,2508004,60.00000000,20180102
709016,12067.00000000,2508987,60.00000000,20180102
709017,12740.00000000,2507005,60.00000000,20180102
709191,3242.00000000,2508005,30.00000000,20180103
709776,18116.00000000,2508988,360.00000000,20180105
709777,18383.00000000,2508006,360.00000000,20180105
709778,18173.00000000,2507006,360.00000000,20180105
709779,18261.00000000,2508007,360.00000000,20180105
709780,18246.00000000,2508008,360.00000000,20180105
709781,17867.00000000,2508009,360.00000000,20180105
709782,17758.00000000,2508989,360.00000000,20180105
709783,17471.00000000,2508010,360.00000000,20180105
709784,18245.00000000,2507007,360.00000000,20180105
709785,17811.00000000,2507008,360.00000000,20180105
710020,21859.00000000,2508990,360.00000000,20180106
710021,18133.00000000,2508011,360.00000000,20180106
710022,18085.00000000,2507009,360.00000000,20180106
710023,17841.00000000,2507010,360.00000000,20180106
710024,18179.00000000,2507011,360.00000000,20180106
710025,18686.00000000,2508991,360.00000000,20180106
710026,17930.00000000,2508012,360.00000000,20180106
710027,17454.00000000,2507012,360.00000000,20180106
710028,17583.00000000,2508992,360.00000000,20180106
710029,17581.00000000,2507013,360.00000000,20180106
710631,3275.00000000,2508013,30.00000000,20180108
712180,2997.00000000,2507014,30.00000000,20180114
713864,2935.00000000,2508014,30.00000000,20180120
715700,2679.00000000,2508015,30.00000000,20180125
732556,21961.00000000,2507015,60.00000000,20180327
732557,23822.00000000,2508016,60.00000000,20180327
732558,21761.00000000,2508993,60.00000000,20180327
732559,22023.00000000,2507016,60.00000000,20180327
732560,21888.00000000,2507017,60.00000000,20180327
732561,22918.00000000,2507018,60.00000000,20180327
732562,20428.00000000,2508017,60.00000000,20180327
732563,22059.00000000,2508018,60.00000000,20180327
732564,23377.00000000,2507019,60.00000000,20180327
732565,27844.00000000,2508019,60.00000000,20180327
732566,23880.00000000,2508020,60.00000000,20180327
732567,23255.00000000,2507020,60.00000000,20180327
732568,23601.00000000,2508994,60.00000000,20180327
732569,51988.00000000,2507021,60.00000000,20180327
732570,23462.00000000,2508021,60.00000000,20180327
732571,24520.00000000,2508022,60.00000000,20180327
732572,26051.00000000,2507022,60.00000000,20180327
732573,24237.00000000,2507023,60.00000000,20180327
732574,26457.00000000,2508995,60.00000000,20180327
732575,24602.00000000,2508023,60.00000000,20180327
732576,24204.00000000,2508024,60.00000000,20180327
732577,26096.00000000,2508996,60.00000000,20180327
748425,21409.00000000,2508025,300.00000000,20180519
748426,20409.00000000,2508997,300.00000000,20180519
748427,21204.00000000,2507024,300.00000000,20180519
755118,31359.00000000,2507025,60.00000000,20180713
755119,29837.00000000,2508026,60.00000000,20180713
755120,31561.00000000,2507026,60.00000000,20180713
755121,33210.00000000,2507027,60.00000000,20180713
755122,30905.00000000,2508027,60.00000000,20180713
755123,31635.00000000,2507028,60.00000000,20180713
755124,30378.00000000,2507029,60.00000000,20180713
755125,29659.00000000,2508028,60.00000000,20180713
755126,30106.00000000,2508998,60.00000000,20180713
755127,36213.00000000,2508029,60.00000000,20180713
755128,29182.00000000,2508999,60.00000000,20180713
755129,30820.00000000,2508030,60.00000000,20180713
755130,30207.00000000,2508031,60.00000000,20180713
755131,68268.00000000,2509000,60.00000000,20180713
755132,29284.00000000,2508032,60.00000000,20180713
755133,31915.00000000,2507030,60.00000000,20180713
755134,34874.00000000,2509001,60.00000000,20180713
755135,31349.00000000,2508033,60.00000000,20180713
755136,33804.00000000,2507031,60.00000000,20180713
755137,31196.00000000,2507032,60.00000000,20180713
755138,31585.00000000,2507033,60.00000000,20180713
755139,32544.00000000,2507034,60.00000000,20180713
757206,3266.00000000,2507035,30.00000000,20180720
766744,7192.00000000,2507036,60.00000000,20180828
766745,6934.00000000,2509002,60.00000000,20180828
766746,7118.00000000,2509003,60.00000000,20180828
766747,7182.00000000,2508034,60.00000000,20180828
766748,6884.00000000,2507037,60.00000000,20180828
766749,7024.00000000,2509004,60.00000000,20180828
766750,7165.00000000,2509005,60.00000000,20180828
766751,7197.00000000,2509006,60.00000000,20180828
766752,7089.00000000,2509007,60.00000000,20180828
766753,6531.00000000,2507038,60.00000000,20180828
766754,6677.00000000,2508035,60.00000000,20180828
766755,6842.00000000,2508036,60.00000000,20180828
766756,6793.00000000,2508037,60.00000000,20180828
766757,6801.00000000,2509008,60.00000000,20180828
766758,6628.00000000,2507039,60.00000000,20180828
766759,6477.00000000,2509009,60.00000000,20180828
766760,6186.00000000,2508038,60.00000000,20180828
766761,6606.00000000,2508039,60.00000000,20180828
766762,6145.00000000,2507040,60.00000000,20180828
766763,6359.00000000,2509010,60.00000000,20180828
766764,6720.00000000,2507041,60.00000000,20180828
766765,6290.00000000,2508040,60.00000000,20180828
787233,7538.00000000,2509011,60.00000000,20181025
787234,7320.00000000,2509012,60.00000000,20181025
787235,7266.00000000,2508041,60.00000000,20181025
787236,7524.00000000,2508042,60.00000000,20181025
787237,7302.00000000,2507042,60.00000000,20181025
787238,7736.00000000,2508043,60.00000000,20181025
787239,8009.00000000,2507043,60.00000000,20181025
787240,8176.00000000,2508044,60.00000000,20181025
787241,8056.00000000,2509013,60.00000000,20181025
787242,7848.00000000,2507044,60.00000000,20181025
787243,7646.00000000,2509014,60.00000000,20181025
787244,8071.00000000,2509015,60.00000000,20181025
787245,7726.00000000,2509016,60.00000000,20181025
787246,7723.00000000,2508045,60.00000000,20181025
787247,7333.00000000,2507045,60.00000000,20181025
787248,6772.00000000,2509017,60.00000000,20181025
787249,6638.00000000,2508046,60.00000000,20181025
787250,6262.00000000,2509018,60.00000000,20181025
787251,6179.00000000,2508047,60.00000000,20181025
787252,6891.00000000,2509019,60.00000000,20181025
787253,6515.00000000,2507046,60.00000000,20181025
787254,6751.00000000,2509020,60.00000000,20181025
795615,8920.00000000,2508048,60.00000000,20181123
795616,9967.00000000,2507047,60.00000000,20181123
795617,9810.00000000,2507048,60.00000000,20181123
795618,8973.00000000,2508049,60.00000000,20181123
795619,9102.00000000,2508050,60.00000000,20181123
795620,9470.00000000,2509021,60.00000000,20181123
795621,9287.00000000,2508051,60.00000000,20181123
795622,9139.00000000,2509022,60.00000000,20181123
795623,10350.00000000,2508052,60.00000000,20181123
795624,10457.00000000,2509023,60.00000000,20181123
795625,10069.00000000,2507049,60.00000000,20181123
795626,10499.00000000,2509024,60.00000000,20181123
795627,10554.00000000,2509025,60.00000000,20181123
795628,11117.00000000,2507050,60.00000000,20181123
795629,10343.00000000,2508053,60.00000000,20181123
795630,11107.00000000,2508054,60.00000000,20181123
795631,10518.00000000,2507051,60.00000000,20181123
795632,10503.00000000,2507052,60.00000000,20181123
795633,10372.00000000,2508055,60.00000000,20181123
795634,9593.00000000,2509026,60.00000000,20181123
795635,9406.00000000,2509027,60.00000000,20181123
795636,10077.00000000,2508056,60.00000000,20181123
807032,19912.00000000,2508057,360.00000000,20181228
807033,19849.00000000,2508058,360.00000000,20181228
807034,20321.00000000,2507053,360.00000000,20181228
807035,20019.00000000,2509028,360.00000000,20181228
807036,19540.00000000,2507054,360.00000000,20181228
807037,19701.00000000,2507055,360.00000000,20181228
807321,19945.00000000,2509029,360.00000000,20181229
807322,20771.00000000,2507056,360.00000000,20181229
807323,19995.00000000,2509030,360.00000000,20181229
807324,20476.00000000,2507057,360.00000000,20181229
807325,19779.00000000,2508059,360.00000000,20181229
807326,20566.00000000,2509031,360.00000000,20181229
807327,19932.00000000,2509032,360.00000000,20181229
807635,19806.00000000,2507058,360.00000000,20181230
807636,20048.00000000,2507059,360.00000000,20181230
807637,20521.00000000,2509033,360.00000000,20181230
807638,20557.00000000,2509034,360.00000000,20181230
807639,20510.00000000,2507060,360.00000000,20181230
807640,20297.00000000,2509035,360.00000000,20181230
809080,21561.00000000,2509036,360.00000000,20190104
809081,21391.00000000,2507061,360.00000000,20190104
809082,21024.00000000,2507062,360.00000000,20190104
809083,21426.00000000,2509037,360.00000000,20190104
809084,20805.00000000,2509038,360.00000000,20190104
809085,20756.00000000,2507063,360.00000000,20190104
809086,20675.00000000,2509039,360.00000000,20190104
812857,15211.00000000,2509040,60.00000000,20190116
812858,15769.00000000,2508060,60.00000000,20190116
812859,15190.00000000,2508061,60.00000000,20190116
812860,15491.00000000,2507064,60.00000000,20190116
812861,13617.00000000,2507065,60.00000000,20190116
812862,13821.00000000,2508062,60.00000000,20190116
812863,14797.00000000,2507066,60.00000000,20190116
812864,15837.00000000,2507067,60.00000000,20190116
812865,16041.00000000,2507068,60.00000000,20190116
812866,15386.00000000,2508063,60.00000000,20190116
812867,16087.00000000,2508064,60.00000000,20190116
812868,15543.00000000,2507069,60.00000000,20190116
812869,16312.00000000,2507070,60.00000000,20190116
812870,15585.00000000,2507071,60.00000000,20190116
812871,16052.00000000,2509041,60.00000000,20190116
812872,16542.00000000,2508065,60.00000000,20190116
812873,16193.00000000,2507072,60.00000000,20190116
812874,15808.00000000,2509042,60.00000000,20190116
812875,17080.00000000,2507073,60.00000000,20190116
812876,14701.00000000,2508066,60.00000000,20190116
812877,14609.00000000,2507074,60.00000000,20190116
812878,15870.00000000,2509043,60.00000000,20190116
